{"experiment": "anchor_threshold_analysis", "damage_rates": [0.0, 0.1, 0.2, 0.3, 0.4, 0.5, 0.6], "agreement_levels": [0.4980000000000001, 0.617, 0.678, 0.7599999999999999, 0.8239999999999998, 0.899, 0.9259999999999999]}