{"experiment": "consensus_robustness", "array_size": 50, "trials": 30, "damage_rates": {}, "noise_rates": {"0.0": {"0.0": {"success_rate": 0.0, "mean_steps": 200.0, "mean_agreement": 0.622}, "0.1": {"success_rate": 0.0, "mean_steps": 200.0, "mean_agreement": 0.6266666666666667}, "0.2": {"success_rate": 0.0, "mean_steps": 200.0, "mean_agreement": 0.7253333333333333}, "0.4": {"success_rate": 0.0, "mean_steps": 200.0, "mean_agreement": 0.8333333333333333}}, "0.05": {"0.0": {"success_rate": 0.0, "mean_steps": 200.0, "mean_agreement": 0.6153333333333334}, "0.1": {"success_rate": 0.0, "mean_steps": 200.0, "mean_agreement": 0.6259999999999999}, "0.2": {"success_rate": 0.0, "mean_steps": 200.0, "mean_agreement": 0.7}, "0.4": {"success_rate": 0.03333333333333333, "mean_steps": 198.63333333333333, "mean_agreement": 0.8360000000000001}}}}